date,keyword,word_type
2025-02-13,상승,2
2025-02-13,강세,2
2025-02-13,전망,2
2025-02-13,유입,2
2025-02-13,금리인하,2
2025-02-13,고조,2
2025-02-13,하락,0
2025-02-13,약세,0
2025-02-13,강세,2
2025-02-13,끌다,2
2025-02-13,밉다,0
2025-02-13,부담,0
2025-02-13,분하다,0
2025-02-13,상승세,2
2025-02-13,상한,0
2025-02-13,성,1
2025-02-13,욕,0
2025-02-13,운,2
2025-02-13,정,2
2025-02-13,중요하다,2
2025-02-13,충분하다,2
2025-02-13,피,1
2025-02-13,해,0
2025-02-13,화,0
2025-02-13,화재,0
2025-02-13,상승,2
2025-02-13,기록,2
2025-02-13,돌파,2
2025-02-13,투자,2
2025-02-13,유입,2
2025-02-13,배당,2
2025-02-13,수익,2
2025-02-13,기대,2
2025-02-13,받다,2
2025-02-13,성,1
2025-02-13,소득,2
2025-02-13,수익,2
2025-02-13,운,2
2025-02-13,지다,0
2025-02-13,크다,2
2025-02-13,피,1
2025-02-13,해,0
2025-02-13,혜택,2
2025-02-13,급등,2
2025-02-13,상승,2
2025-02-13,전망,2
2025-02-13,투자,2
2025-02-13,반등,2
2025-02-13,유입,2
2025-02-13,금리인하,2
2025-02-13,고조,2
2025-02-13,약세,0
2025-02-13,겁,0
2025-02-13,긍정,2
2025-02-13,기대,2
2025-02-13,뜨겁다,1
2025-02-13,밉다,0
2025-02-13,부담,0
2025-02-13,분하다,0
2025-02-13,상승세,2
2025-02-13,성,1
2025-02-13,욕,0
2025-02-13,운,2
2025-02-13,정,2
2025-02-13,중요하다,2
2025-02-13,지다,0
2025-02-13,충분하다,2
2025-02-13,탈,0
2025-02-13,피,1
2025-02-13,해,0
2025-02-13,화,0
2025-02-13,확대,2
2025-02-13,투자,2
2025-02-13,배당,2
2025-02-13,가치,2
2025-02-13,감사,2
2025-02-13,적극,2
2025-02-13,정,2
2025-02-13,피,1
2025-02-13,해,0
2025-02-13,화,0
2025-02-13,상승,2
2025-02-13,회복,2
2025-02-13,호재,2
2025-02-13,강세,2
2025-02-13,기록,2
2025-02-13,전망,2
2025-02-13,반등,2
2025-02-13,수익,2
2025-02-13,성공,2
2025-02-13,부진,0
2025-02-13,리스크,0
2025-02-13,강세,2
2025-02-13,강하다,2
2025-02-13,괜찮다,2
2025-02-13,끌다,2
2025-02-13,높다,2
2025-02-13,늘어나다,0
2025-02-13,다투다,0
2025-02-13,덕,2
2025-02-13,미루다,0
2025-02-13,벌,0
2025-02-13,부진,0
2025-02-13,부진하다,0
2025-02-13,성,1
2025-02-13,성공,2
2025-02-13,성공하다,2
2025-02-13,소외,0
2025-02-13,수익,2
2025-02-13,수혜,2
2025-02-13,없다,0
2025-02-13,운,2
2025-02-13,웃다,2
2025-02-13,이벤트,2
2025-02-13,정,2
2025-02-13,지다,0
2025-02-13,최고,2
2025-02-13,최악,0
2025-02-13,충격,0
2025-02-13,크다,2
2025-02-13,피,1
2025-02-13,피해,0
2025-02-13,해,0
2025-02-13,화,0
2025-02-13,회복하다,2
2025-02-13,상승,2
2025-02-13,투자,2
2025-02-13,반등,2
2025-02-13,하락,0
2025-02-13,약세,0
2025-02-13,높다,2
2025-02-13,상승세,2
2025-02-13,욕,0
2025-02-13,지다,0
2025-02-13,크다,2
2025-02-13,피,1
2025-02-13,화,0
2025-02-13,상위,2
2025-02-13,급등,2
2025-02-13,상승,2
2025-02-13,낙관,2
2025-02-13,기록,2
2025-02-13,금리인하,2
2025-02-13,하락,0
2025-02-13,상한,0
2025-02-13,소외,0
2025-02-13,없다,0
2025-02-13,운,2
2025-02-13,지다,0
2025-02-13,크다,2
2025-02-13,피,1
2025-02-13,화,0
2025-02-13,상위,2
2025-02-13,상승,2
2025-02-13,강세,2
2025-02-13,기록,2
2025-02-13,투자,2
2025-02-13,배당,2
2025-02-13,하락,0
2025-02-13,약세,0
2025-02-13,강세,2
2025-02-13,기대,2
2025-02-13,부담,0
2025-02-13,상한,0
2025-02-13,운,2
2025-02-13,정,2
2025-02-13,크다,2
2025-02-13,피,1
2025-02-13,화,0
2025-02-13,상위,2
2025-02-13,상승,2
2025-02-13,강세,2
2025-02-13,기록,2
2025-02-13,투자,2
2025-02-13,하락,0
2025-02-13,약세,0
2025-02-13,강세,2
2025-02-13,벌,0
2025-02-13,성,1
2025-02-13,욕,0
2025-02-13,정,2
2025-02-13,지다,0
2025-02-13,크다,2
2025-02-13,피,1
2025-02-13,해,0
2025-02-13,화,0
2025-02-13,상승,2
2025-02-13,확대,2
2025-02-13,강세,2
2025-02-13,기록,2
2025-02-13,투자,2
2025-02-13,하락,0
2025-02-13,약세,0
2025-02-13,강세,2
2025-02-13,떨어지다,0
2025-02-13,운,2
2025-02-13,정,2
2025-02-13,지다,0
2025-02-13,지지,0
2025-02-13,피,1
2025-02-13,해,0
2025-02-13,화,0
2025-02-13,상승,2
2025-02-13,강세,2
2025-02-13,기록,2
2025-02-13,투자,2
2025-02-13,하락,0
2025-02-13,약세,0
2025-02-13,강세,2
2025-02-13,벌,0
2025-02-13,성,1
2025-02-13,욕,0
2025-02-13,정,2
2025-02-13,지다,0
2025-02-13,크다,2
2025-02-13,피,1
2025-02-13,해,0
2025-02-13,화,0
2025-02-13,상승,2
2025-02-13,확대,2
2025-02-13,강세,2
2025-02-13,기록,2
2025-02-13,투자,2
2025-02-13,하락,0
2025-02-13,약세,0
2025-02-13,강세,2
2025-02-13,떨어지다,0
2025-02-13,운,2
2025-02-13,정,2
2025-02-13,지다,0
2025-02-13,지지,0
2025-02-13,피,1
2025-02-13,해,0
2025-02-13,화,0
2025-02-13,회복,2
2025-02-13,호재,2
2025-02-13,안정,2
2025-02-13,돌파,2
2025-02-13,투자,2
2025-02-13,실적,2
2025-02-13,수익,2
2025-02-13,혁신,2
2025-02-13,성공,2
2025-02-13,적자,0
2025-02-13,리스크,0
2025-02-13,가능하다,2
2025-02-13,개선,2
2025-02-13,걸리다,0
2025-02-13,끌다,2
2025-02-13,높이다,2
2025-02-13,능하다,2
2025-02-13,독,0
2025-02-13,듣보잡,0
2025-02-13,망하다,0
2025-02-13,못,1
2025-02-13,못 하다,0
2025-02-13,받다,2
2025-02-13,발전,2
2025-02-13,벌,0
2025-02-13,비난,0
2025-02-13,사납다,0
2025-02-13,성,1
2025-02-13,성공,2
2025-02-13,성공하다,2
2025-02-13,성이,1
2025-02-13,수익,2
2025-02-13,수혜,2
2025-02-13,스포,0
2025-02-13,시원찮다,0
2025-02-13,신중,2
2025-02-13,신중하다,2
2025-02-13,아니다,0
2025-02-13,아프다,0
2025-02-13,안정,2
2025-02-13,없다,0
2025-02-13,없애다,0
2025-02-13,운,2
2025-02-13,울다,0
2025-02-13,웃다,2
2025-02-13,웰빙,2
2025-02-13,이루다,2
2025-02-13,인기,2
2025-02-13,정,2
2025-02-13,지다,0
2025-02-13,짜릿하다,2
2025-02-13,최고,2
2025-02-13,크다,2
2025-02-13,피,1
2025-02-13,해,0
2025-02-13,향상,2
2025-02-13,혁신,2
2025-02-13,혜택,2
2025-02-13,화,0
2025-02-13,화재,0
2025-02-13,회복하다,2
2025-02-13,훼방,0
2025-02-13,흥겹다,2
2025-02-13,흥행,2
2025-02-13,힘들,0
2025-02-13,힘들다,0
2025-02-13,급등,2
2025-02-13,상승,2
2025-02-13,강세,2
2025-02-13,전망,2
2025-02-13,투자,2
2025-02-13,반등,2
2025-02-13,유입,2
2025-02-13,하락,0
2025-02-13,강세,2
2025-02-13,긍정,2
2025-02-13,끌다,2
2025-02-13,성,1
2025-02-13,운,2
2025-02-13,정,2
2025-02-13,크다,2
2025-02-13,피,1
2025-02-13,화,0
2025-02-13,상위,2
2025-02-13,상승,2
2025-02-13,강세,2
2025-02-13,기록,2
2025-02-13,투자,2
2025-02-13,약세,0
2025-02-13,강세,2
2025-02-13,높다,2
2025-02-13,대상,2
2025-02-13,상승세,2
2025-02-13,성,1
2025-02-13,운,2
2025-02-13,정,2
2025-02-13,지다,0
2025-02-13,크다,2
2025-02-13,피,1
2025-02-13,함께,2
2025-02-13,홀로,0
2025-02-13,화,0
2025-02-13,상위,2
2025-02-13,투자,2
2025-02-13,투자,2
2025-02-13,성장,2
2025-02-13,상승,2
2025-02-13,기록,2
2025-02-13,돌파,2
2025-02-13,투자,2
2025-02-13,유입,2
2025-02-13,배당,2
2025-02-13,수익,2
2025-02-13,기대,2
2025-02-13,높다,2
2025-02-13,대상,2
2025-02-13,많다,2
2025-02-13,받다,2
2025-02-13,빠르다,2
2025-02-13,성,1
2025-02-13,소득,2
2025-02-13,수익,2
2025-02-13,없다,0
2025-02-13,운,2
2025-02-13,인기,2
2025-02-13,장하다,2
2025-02-13,정,2
2025-02-13,중요하다,2
2025-02-13,지다,0
2025-02-13,크다,2
2025-02-13,피,1
2025-02-13,해,0
2025-02-13,혜택,2
2025-02-13,확대,2
2025-02-13,흑자,2
2025-02-13,기록,2
2025-02-13,투자,2
2025-02-13,이익,2
2025-02-13,적자,0
2025-02-13,손실,0
2025-02-13,이익,2
2025-02-13,정,2
2025-02-13,피,1
2025-02-13,해,0
2025-02-13,상승,2
2025-02-13,강세,2
2025-02-13,기록,2
2025-02-13,투자,2
2025-02-13,약세,0
2025-02-13,강세,2
2025-02-13,대상,2
2025-02-13,두드러지다,2
2025-02-13,정,2
2025-02-13,지다,0
2025-02-13,피,1
2025-02-13,해,0
2025-02-13,화,0
2025-02-13,상위,2
2025-02-13,급등,2
2025-02-13,상승,2
2025-02-13,호재,2
2025-02-13,강세,2
2025-02-13,기록,2
2025-02-13,전망,2
2025-02-13,투자,2
2025-02-13,경쟁우위,2
2025-02-13,불확실,0
2025-02-13,강세,2
2025-02-13,공포,0
2025-02-13,긍정,2
2025-02-13,밉다,0
2025-02-13,받다,2
2025-02-13,상승세,2
2025-02-13,성,1
2025-02-13,수혜,2
2025-02-13,없다,0
2025-02-13,의회,0
2025-02-13,전문가,2
2025-02-13,정,2
2025-02-13,최고,2
2025-02-13,크다,2
2025-02-13,피,1
2025-02-13,함정,0
2025-02-13,해,0
2025-02-13,화,0
2025-02-13,급등,2
2025-02-13,상승,2
2025-02-13,회복,2
2025-02-13,확대,2
2025-02-13,강세,2
2025-02-13,안정,2
2025-02-13,투자,2
2025-02-13,반등,2
2025-02-13,실적,2
2025-02-13,하락,0
2025-02-13,급락,0
2025-02-13,강세,2
2025-02-13,겁,0
2025-02-13,높다,2
2025-02-13,대상,2
2025-02-13,뜨겁다,1
2025-02-13,상승세,2
2025-02-13,성,1
2025-02-13,실망,0
2025-02-13,안정,2
2025-02-13,욕,0
2025-02-13,용자,2
2025-02-13,운,2
2025-02-13,정,2
2025-02-13,지다,0
2025-02-13,피,1
2025-02-13,해,0
2025-02-13,화,0
2025-02-13,회복하다,2
2025-02-13,상위,2
2025-02-13,급등,2
2025-02-13,상승,2
2025-02-13,회복,2
2025-02-13,확대,2
2025-02-13,강세,2
2025-02-13,기록,2
2025-02-13,투자,2
2025-02-13,강세,2
2025-02-13,끌다,2
2025-02-13,대상,2
2025-02-13,상승세,2
2025-02-13,성,1
2025-02-13,정,2
2025-02-13,지다,0
2025-02-13,피,1
2025-02-13,해,0
2025-02-13,회복하다,2
2025-02-13,상위,2
2025-02-13,급등,2
2025-02-13,상승,2
2025-02-13,강세,2
2025-02-13,기록,2
2025-02-13,투자,2
2025-02-13,강세,2
2025-02-13,겁,0
2025-02-13,뜨겁다,1
2025-02-13,밉다,0
2025-02-13,상승세,2
2025-02-13,성,1
2025-02-13,욕,0
2025-02-13,웃다,2
2025-02-13,정,2
2025-02-13,충격,0
2025-02-13,크다,2
2025-02-13,피,1
2025-02-13,해,0
2025-02-13,상위,2
2025-02-13,상승,2
2025-02-13,투자,2
2025-02-13,수익,2
2025-02-13,불확실,0
2025-02-13,인플레이션,0
2025-02-13,받다,2
2025-02-13,벌,0
2025-02-13,빠르다,2
2025-02-13,성,1
2025-02-13,수익,2
2025-02-13,운,2
2025-02-13,전문가,2
2025-02-13,정,2
2025-02-13,지다,0
2025-02-13,최고,2
2025-02-13,크다,2
2025-02-13,피,1
2025-02-13,해,0
2025-02-13,급등,2
2025-02-13,상승,2
2025-02-13,안정,2
2025-02-13,전망,2
2025-02-13,투자,2
2025-02-13,실적,2
2025-02-13,이익,2
2025-02-13,수익,2
2025-02-13,모멘텀,2
2025-02-13,성공,2
2025-02-13,침체,0
2025-02-13,하락,0
2025-02-13,급락,0
2025-02-13,손실,0
2025-02-13,리스크,0
2025-02-13,인플레이션,0
2025-02-13,개선,2
2025-02-13,공포,0
2025-02-13,기대,2
2025-02-13,꼼꼼하다,2
2025-02-13,끌다,2
2025-02-13,단정하다,2
2025-02-13,대상,2
2025-02-13,많다,2
2025-02-13,밉다,0
2025-02-13,받다,2
2025-02-13,병,0
2025-02-13,복잡하다,0
2025-02-13,상승세,2
2025-02-13,성,1
2025-02-13,성공,2
2025-02-13,성공하다,2
2025-02-13,수익,2
2025-02-13,안정,2
2025-02-13,어렵다,0
2025-02-13,없다,0
2025-02-13,예의,2
2025-02-13,운,2
2025-02-13,이익,2
2025-02-13,적극,2
2025-02-13,정,2
2025-02-13,정하다,2
2025-02-13,좋다,2
2025-02-13,지다,0
2025-02-13,피,1
2025-02-13,함께,2
2025-02-13,해,0
2025-02-13,화,0
2025-02-13,훼손,0
2025-02-13,상승,2
2025-02-13,강세,2
2025-02-13,기록,2
2025-02-13,투자,2
2025-02-13,하락,0
2025-02-13,강세,2
2025-02-13,대가,2
2025-02-13,상승세,2
2025-02-13,운,2
2025-02-13,피,1
2025-02-13,홀로,0
2025-02-13,화,0
2025-02-13,상위,2
2025-02-13,급등,2
2025-02-13,상승,2
2025-02-13,회복,2
2025-02-13,강세,2
2025-02-13,하락,0
2025-02-13,강세,2
2025-02-13,긍정,2
2025-02-13,끌다,2
2025-02-13,대가,2
2025-02-13,대상,2
2025-02-13,운,2
2025-02-13,정,2
2025-02-13,지다,0
2025-02-13,피,1
2025-02-13,해,0
2025-02-13,화,0
2025-02-13,상위,2
2025-02-13,피,1
2025-02-13,피,1
2025-02-13,강세,2
2025-02-13,투자,2
2025-02-13,강세,2
2025-02-13,받다,2
2025-02-13,피,1
2025-02-13,화,0
2025-02-13,급등,2
2025-02-13,강세,2
2025-02-13,기록,2
2025-02-13,성공,2
2025-02-13,강세,2
2025-02-13,성,1
2025-02-13,성공,2
2025-02-13,성공하다,2
2025-02-13,원하다,1
2025-02-13,정,2
2025-02-13,정상,2
2025-02-13,지다,0
2025-02-13,피,1
2025-02-13,해,0
2025-02-13,화,0
2025-02-13,성장,2
2025-02-13,상승,2
2025-02-13,실적,2
2025-02-13,이익,2
2025-02-13,하락,0
2025-02-13,하향,0
2025-02-13,조정,0
2025-02-13,긍정,2
2025-02-13,끌다,2
2025-02-13,나쁘다,0
2025-02-13,성,1
2025-02-13,이익,2
2025-02-13,정,2
2025-02-13,피,1
2025-02-13,해,0
2025-02-13,희다,2
2025-02-13,상승,2
2025-02-13,확대,2
2025-02-13,실적,2
2025-02-13,모멘텀,2
2025-02-13,타격,0
2025-02-13,개선,2
2025-02-13,더하다,2
2025-02-13,받다,2
2025-02-13,벌,0
2025-02-13,상승세,2
2025-02-13,성,1
2025-02-13,운,2
2025-02-13,정,2
2025-02-13,지다,0
2025-02-13,최고,2
2025-02-13,크다,2
2025-02-13,피,1
2025-02-13,해,0
2025-02-13,화,0
2025-02-14,급등,2
2025-02-14,상승,2
2025-02-14,회복,2
2025-02-14,강세,2
2025-02-14,전망,2
2025-02-14,이익,2
2025-02-14,하락,0
2025-02-14,급락,0
2025-02-14,둔화,0
2025-02-14,불확실,0
2025-02-14,조정,0
2025-02-14,강세,2
2025-02-14,덕,2
2025-02-14,상승세,2
2025-02-14,성,1
2025-02-14,욕,0
2025-02-14,운,2
2025-02-14,이익,2
2025-02-14,일진,0
2025-02-14,정,2
2025-02-14,지다,0
2025-02-14,탈,0
2025-02-14,피,1
2025-02-14,해,0
2025-02-14,화,0
2025-02-14,회복하다,2
2025-02-14,상위,2
2025-02-14,회복,2
2025-02-14,정,2
2025-02-14,지다,0
2025-02-14,피,1
2025-02-14,해,0
2025-02-14,회복하다,2
2025-02-14,상승,2
2025-02-14,강세,2
2025-02-14,안정,2
2025-02-14,하락,0
2025-02-14,둔화,0
2025-02-14,불확실,0
2025-02-14,강세,2
2025-02-14,덕,2
2025-02-14,상한,0
2025-02-14,성,1
2025-02-14,안정,2
2025-02-14,없다,0
2025-02-14,욕,0
2025-02-14,운,2
2025-02-14,정,2
2025-02-14,충격,0
2025-02-14,탈,0
2025-02-14,피,1
2025-02-14,함께,2
2025-02-14,해,0
2025-02-14,화,0
2025-02-14,상위,2
2025-02-14,급등,2
2025-02-14,상승,2
2025-02-14,회복,2
2025-02-14,강세,2
2025-02-14,전망,2
2025-02-14,투자,2
2025-02-14,반등,2
2025-02-14,이익,2
2025-02-14,하락,0
2025-02-14,급락,0
2025-02-14,둔화,0
2025-02-14,불확실,0
2025-02-14,조정,0
2025-02-14,강세,2
2025-02-14,긍정,2
2025-02-14,기대,2
2025-02-14,덕,2
2025-02-14,상승세,2
2025-02-14,성,1
2025-02-14,욕,0
2025-02-14,운,2
2025-02-14,이익,2
2025-02-14,정,2
2025-02-14,지다,0
2025-02-14,피,1
2025-02-14,해,0
2025-02-14,화,0
2025-02-14,상승,2
2025-02-14,투자,2
2025-02-14,수익,2
2025-02-14,하락,0
2025-02-14,손실,0
2025-02-14,많다,2
2025-02-14,성,1
2025-02-14,수익,2
2025-02-14,정,2
2025-02-14,피,1
2025-02-14,상승,2
2025-02-14,회복,2
2025-02-14,호재,2
2025-02-14,강세,2
2025-02-14,돌파,2
2025-02-14,불확실,0
2025-02-14,조정,0
2025-02-14,리스크,0
2025-02-14,강세,2
2025-02-14,긍정,2
2025-02-14,기대,2
2025-02-14,기대하다,2
2025-02-14,꼼꼼하다,2
2025-02-14,높다,2
2025-02-14,뛰어넘다,2
2025-02-14,모양,1
2025-02-14,부정,0
2025-02-14,성,1
2025-02-14,신바람,2
2025-02-14,아니다,0
2025-02-14,없다,0
2025-02-14,정,2
2025-02-14,지다,0
2025-02-14,충격,0
2025-02-14,크다,2
2025-02-14,피,1
2025-02-14,함께,2
2025-02-14,해,0
2025-02-14,화,0
2025-02-14,회복하다,2
2025-02-14,배당,2
2025-02-14,가치,2
2025-02-14,감사,2
2025-02-14,대상,2
2025-02-14,독,0
2025-02-14,밉다,0
2025-02-14,분하다,0
2025-02-14,성,1
2025-02-14,실하다,2
2025-02-14,운,2
2025-02-14,정,2
2025-02-14,지다,0
2025-02-14,충분하다,2
2025-02-14,피,1
2025-02-14,필수,2
2025-02-14,상승,2
2025-02-14,이익,2
2025-02-14,리스크,0
2025-02-14,가치,2
2025-02-14,감사,2
2025-02-14,강화하다,2
2025-02-14,개선,2
2025-02-14,대상,2
2025-02-14,독,0
2025-02-14,받다,2
2025-02-14,벌,0
2025-02-14,병,0
2025-02-14,부정,0
2025-02-14,성,1
2025-02-14,순하다,2
2025-02-14,신뢰,2
2025-02-14,아니다,0
2025-02-14,이익,2
2025-02-14,인정,2
2025-02-14,적극,2
2025-02-14,정,2
2025-02-14,중요하다,2
2025-02-14,지다,0
2025-02-14,피,1
2025-02-14,해,0
2025-02-14,향상,2
2025-02-14,화,0
2025-02-14,강세,2
2025-02-14,기록,2
2025-02-14,투자,2
2025-02-14,하락,0
2025-02-14,약세,0
2025-02-14,강세,2
2025-02-14,기대,2
2025-02-14,미루다,0
2025-02-14,받다,2
2025-02-14,벌,0
2025-02-14,정,2
2025-02-14,지다,0
2025-02-14,지지,0
2025-02-14,피,1
2025-02-14,화,0
2025-02-14,확대,2
2025-02-14,투자,2
2025-02-14,성공,2
2025-02-14,위기,0
2025-02-14,공매도,0
2025-02-14,당하다,0
2025-02-14,대단하다,2
2025-02-14,독,0
2025-02-14,망하다,0
2025-02-14,벌,0
2025-02-14,부족,0
2025-02-14,빠르다,2
2025-02-14,성,1
2025-02-14,성공,2
2025-02-14,스포,0
2025-02-14,신뢰,2
2025-02-14,실망,0
2025-02-14,실망하다,0
2025-02-14,아니다,0
2025-02-14,없다,0
2025-02-14,없어지다,0
2025-02-14,운,2
2025-02-14,위기,0
2025-02-14,잃다,0
2025-02-14,재앙,0
2025-02-14,정,2
2025-02-14,지다,0
2025-02-14,축복,2
2025-02-14,크다,2
2025-02-14,틀리다,0
2025-02-14,파괴,0
2025-02-14,피,1
2025-02-14,해,0
2025-02-14,화,0
2025-02-14,상승,2
2025-02-14,강세,2
2025-02-14,기록,2
2025-02-14,투자,2
2025-02-14,하락,0
2025-02-14,약세,0
2025-02-14,강세,2
2025-02-14,받다,2
2025-02-14,욕,0
2025-02-14,정,2
2025-02-14,피,1
2025-02-14,화,0
2025-02-14,확대,2
2025-02-14,투자,2
2025-02-14,성공,2
2025-02-14,위기,0
2025-02-14,공매도,0
2025-02-14,당하다,0
2025-02-14,대단하다,2
2025-02-14,독,0
2025-02-14,망하다,0
2025-02-14,벌,0
2025-02-14,부족,0
2025-02-14,빠르다,2
2025-02-14,성,1
2025-02-14,성공,2
2025-02-14,스포,0
2025-02-14,신뢰,2
2025-02-14,실망,0
2025-02-14,실망하다,0
2025-02-14,아니다,0
2025-02-14,없다,0
2025-02-14,없어지다,0
2025-02-14,운,2
2025-02-14,위기,0
2025-02-14,잃다,0
2025-02-14,재앙,0
2025-02-14,정,2
2025-02-14,지다,0
2025-02-14,축복,2
2025-02-14,크다,2
2025-02-14,틀리다,0
2025-02-14,파괴,0
2025-02-14,피,1
2025-02-14,해,0
2025-02-14,화,0
2025-02-14,상승,2
2025-02-14,확대,2
2025-02-14,강세,2
2025-02-14,흑자,2
2025-02-14,기록,2
2025-02-14,전망,2
2025-02-14,투자,2
2025-02-14,하락,0
2025-02-14,적자,0
2025-02-14,약세,0
2025-02-14,위기,0
2025-02-14,무역적자,0
2025-02-14,가능하다,2
2025-02-14,가치,2
2025-02-14,강세,2
2025-02-14,격하다,1
2025-02-14,긍정,2
2025-02-14,능하다,2
2025-02-14,독,0
2025-02-14,미루다,0
2025-02-14,상승세,2
2025-02-14,성,1
2025-02-14,신뢰,2
2025-02-14,아니다,0
2025-02-14,안도,2
2025-02-14,위기,0
2025-02-14,정,2
2025-02-14,지다,0
2025-02-14,지지,0
2025-02-14,피,1
2025-02-14,화,0
2025-02-14,기록,2
2025-02-14,전망,2
2025-02-14,투자,2
2025-02-14,하락,0
2025-02-14,악화,0
2025-02-14,약세,0
2025-02-14,대상,2
2025-02-14,성,1
2025-02-14,운,2
2025-02-14,정,2
2025-02-14,피,1
2025-02-14,함께,2
2025-02-14,해,0
2025-02-14,화,0
2025-02-14,투자,2
2025-02-14,강하다,2
2025-02-14,독,0
2025-02-14,못,1
2025-02-14,못 하다,0
2025-02-14,성,1
2025-02-14,지다,0
2025-02-14,충격,0
2025-02-14,탈,0
2025-02-14,피,1
2025-02-14,해,0
2025-02-14,강세,2
2025-02-14,투자,2
2025-02-14,불확실,0
2025-02-14,강세,2
2025-02-14,성,1
2025-02-14,욕,0
2025-02-14,피,1
2025-02-14,강세,2
2025-02-14,투자,2
2025-02-14,불확실,0
2025-02-14,강세,2
2025-02-14,성,1
2025-02-14,욕,0
2025-02-14,피,1
2025-02-14,상승,2
2025-02-14,강세,2
2025-02-14,기록,2
2025-02-14,돌파,2
2025-02-14,전망,2
2025-02-14,투자,2
2025-02-14,약세,0
2025-02-14,불확실,0
2025-02-14,강세,2
2025-02-14,끌다,2
2025-02-14,높다,2
2025-02-14,밉다,0
2025-02-14,부담,0
2025-02-14,상승세,2
2025-02-14,성,1
2025-02-14,안도,2
2025-02-14,욕,0
2025-02-14,운,2
2025-02-14,정,2
2025-02-14,지다,0
2025-02-14,크다,2
2025-02-14,피,1
2025-02-14,해,0
2025-02-14,홀로,0
2025-02-14,화,0
2025-02-14,상위,2
2025-02-14,상승,2
2025-02-14,확대,2
2025-02-14,강세,2
2025-02-14,투자,2
2025-02-14,하락,0
2025-02-14,약세,0
2025-02-14,불확실,0
2025-02-14,강세,2
2025-02-14,끌다,2
2025-02-14,성,1
2025-02-14,욕,0
2025-02-14,운,2
2025-02-14,정,2
2025-02-14,지다,0
2025-02-14,피,1
2025-02-14,화,0
2025-02-14,상위,2
2025-02-14,투자,2
2025-02-14,투자,2
2025-02-14,투자,2
2025-02-14,배당,2
2025-02-14,가치,2
2025-02-14,감사,2
2025-02-14,대상,2
2025-02-14,더하다,2
2025-02-14,독,0
2025-02-14,밉다,0
2025-02-14,분하다,0
2025-02-14,성,1
2025-02-14,실하다,2
2025-02-14,운,2
2025-02-14,정,2
2025-02-14,충분하다,2
2025-02-14,피,1
2025-02-14,필수,2
2025-02-14,해,0
2025-02-14,화,0
2025-02-14,강세,2
2025-02-14,투자,2
2025-02-14,불확실,0
2025-02-14,강세,2
2025-02-14,성,1
2025-02-14,욕,0
2025-02-14,피,1
2025-02-14,투자,2
2025-02-14,배당,2
2025-02-14,수익,2
2025-02-14,성공,2
2025-02-14,하락,0
2025-02-14,조정,0
2025-02-14,가치,2
2025-02-14,높다,2
2025-02-14,당하다,0
2025-02-14,독,0
2025-02-14,떨어지다,0
2025-02-14,부족,0
2025-02-14,부족하다,0
2025-02-14,비판,0
2025-02-14,빠르다,2
2025-02-14,성,1
2025-02-14,성공,2
2025-02-14,수익,2
2025-02-14,스포,0
2025-02-14,신뢰,2
2025-02-14,아니다,0
2025-02-14,없다,0
2025-02-14,우수,2
2025-02-14,운,2
2025-02-14,잃다,0
2025-02-14,재앙,0
2025-02-14,정,2
2025-02-14,지다,0
2025-02-14,축복,2
2025-02-14,크다,2
2025-02-14,틀리다,0
2025-02-14,피,1
2025-02-14,해,0
2025-02-14,헛된,0
2025-02-14,화,0
2025-02-14,강세,2
2025-02-14,투자,2
2025-02-14,불확실,0
2025-02-14,강세,2
2025-02-14,성,1
2025-02-14,욕,0
2025-02-14,피,1
2025-02-14,투자,2
2025-02-14,배당,2
2025-02-14,수익,2
2025-02-14,성공,2
2025-02-14,하락,0
2025-02-14,조정,0
2025-02-14,가치,2
2025-02-14,높다,2
2025-02-14,당하다,0
2025-02-14,독,0
2025-02-14,떨어지다,0
2025-02-14,부족,0
2025-02-14,부족하다,0
2025-02-14,비판,0
2025-02-14,빠르다,2
2025-02-14,성,1
2025-02-14,성공,2
2025-02-14,수익,2
2025-02-14,스포,0
2025-02-14,신뢰,2
2025-02-14,아니다,0
2025-02-14,없다,0
2025-02-14,우수,2
2025-02-14,운,2
2025-02-14,잃다,0
2025-02-14,재앙,0
2025-02-14,정,2
2025-02-14,지다,0
2025-02-14,축복,2
2025-02-14,크다,2
2025-02-14,틀리다,0
2025-02-14,피,1
2025-02-14,해,0
2025-02-14,헛된,0
2025-02-14,화,0
2025-02-14,성장,2
2025-02-14,상승,2
2025-02-14,확대,2
2025-02-14,호황,2
2025-02-14,기록,2
2025-02-14,전망,2
2025-02-14,투자,2
2025-02-14,실적,2
2025-02-14,이익,2
2025-02-14,탄탄,2
2025-02-14,개선,2
2025-02-14,견고하다,2
2025-02-14,기대,2
2025-02-14,끌다,2
2025-02-14,늘어나다,0
2025-02-14,능력,2
2025-02-14,더하다,2
2025-02-14,덕,2
2025-02-14,벌,0
2025-02-14,빠르다,2
2025-02-14,성,1
2025-02-14,아끼다,2
2025-02-14,운,2
2025-02-14,웃다,2
2025-02-14,이익,2
2025-02-14,자신감,2
2025-02-14,장하다,2
2025-02-14,지다,0
2025-02-14,탄탄하다,2
2025-02-14,피,1
2025-02-14,함께,2
2025-02-14,해,0
2025-02-14,화,0
2025-02-14,활발하다,2
2025-02-14,투자,2
2025-02-14,배당,2
2025-02-14,수익,2
2025-02-14,성공,2
2025-02-14,하락,0
2025-02-14,조정,0
2025-02-14,가치,2
2025-02-14,높다,2
2025-02-14,높이다,2
2025-02-14,당하다,0
2025-02-14,독,0
2025-02-14,떨어지다,0
2025-02-14,배우다,2
2025-02-14,벗,2
2025-02-14,벗어나,0
2025-02-14,벗어나다,0
2025-02-14,부족,0
2025-02-14,부족하다,0
2025-02-14,비판,0
2025-02-14,빠르다,2
2025-02-14,성,1
2025-02-14,성공,2
2025-02-14,수익,2
2025-02-14,스포,0
2025-02-14,신뢰,2
2025-02-14,아니다,0
2025-02-14,없다,0
2025-02-14,우수,2
2025-02-14,운,2
2025-02-14,잃다,0
2025-02-14,정,2
2025-02-14,지다,0
2025-02-14,최고,2
2025-02-14,크다,2
2025-02-14,피,1
2025-02-14,해,0
2025-02-14,헛된,0
2025-02-14,급등,2
2025-02-14,상승,2
2025-02-14,강세,2
2025-02-14,기록,2
2025-02-14,돌파,2
2025-02-14,하락,0
2025-02-14,급락,0
2025-02-14,약세,0
2025-02-14,강세,2
2025-02-14,더하다,2
2025-02-14,못,1
2025-02-14,못 하다,0
2025-02-14,밉다,0
2025-02-14,성,1
2025-02-14,저렴하다,2
2025-02-14,좋다,2
2025-02-14,지다,0
2025-02-14,피,1
2025-02-14,상위,2
2025-02-14,상승,2
2025-02-14,피,1
2025-02-14,상승,2
2025-02-14,강세,2
2025-02-14,돌파,2
2025-02-14,투자,2
2025-02-14,수익,2
2025-02-14,하락,0
2025-02-14,급락,0
2025-02-14,강세,2
2025-02-14,받다,2
2025-02-14,성,1
2025-02-14,수익,2
2025-02-14,좋다,2
2025-02-14,지다,0
2025-02-14,피,1
2025-02-14,상위,2
2025-02-14,상승,2
2025-02-14,돌파,2
2025-02-14,하락,0
2025-02-14,긍정,2
2025-02-14,대상,2
2025-02-14,욕,0
2025-02-14,정,2
2025-02-14,지다,0
2025-02-14,피,1
2025-02-14,해,0
2025-02-14,화,0
2025-02-14,상위,2
2025-02-14,배당,2
2025-02-14,가치,2
2025-02-14,감사,2
2025-02-14,대상,2
2025-02-14,독,0
2025-02-14,밉다,0
2025-02-14,분하다,0
2025-02-14,성,1
2025-02-14,실하다,2
2025-02-14,운,2
2025-02-14,정,2
2025-02-14,충분하다,2
2025-02-14,피,1
2025-02-14,필수,2
2025-02-14,해,0
2025-02-14,상승,2
2025-02-14,돌파,2
2025-02-14,투자,2
2025-02-14,배당,2
2025-02-14,침체,0
2025-02-14,하락,0
2025-02-14,위기,0
2025-02-14,부실,0
2025-02-14,가능하다,2
2025-02-14,가치,2
2025-02-14,강하다,2
2025-02-14,개선,2
2025-02-14,격하다,1
2025-02-14,과하다,0
2025-02-14,급하다,0
2025-02-14,긍정,2
2025-02-14,높다,2
2025-02-14,높이다,2
2025-02-14,능하다,2
2025-02-14,늦다,0
2025-02-14,당하다,0
2025-02-14,대상,2
2025-02-14,더하다,2
2025-02-14,도움,2
2025-02-14,독,0
2025-02-14,많다,2
2025-02-14,문맹,0
2025-02-14,받다,2
2025-02-14,발전,2
2025-02-14,사랑,2
2025-02-14,성,1
2025-02-14,소득,2
2025-02-14,신중,2
2025-02-14,신중하다,2
2025-02-14,실하다,2
2025-02-14,심하다,0
2025-02-14,아니다,0
2025-02-14,아프다,0
2025-02-14,어렵다,0
2025-02-14,억울하다,0
2025-02-14,우치,0
2025-02-14,운,2
2025-02-14,위기,0
2025-02-14,적극,2
2025-02-14,전문가,2
2025-02-14,정,2
2025-02-14,중요하다,2
2025-02-14,지나치다,0
2025-02-14,지다,0
2025-02-14,철저하다,2
2025-02-14,최고,2
2025-02-14,크다,2
2025-02-14,피,1
2025-02-14,피해,0
2025-02-14,해,0
2025-02-14,행복,2
2025-02-14,행복하다,2
2025-02-14,화,0
2025-02-14,급등,2
2025-02-14,상승,2
2025-02-14,확대,2
2025-02-14,기록,2
2025-02-14,투자,2
2025-02-14,수익,2
2025-02-14,긍정,2
2025-02-14,기대,2
2025-02-14,높다,2
2025-02-14,늘어나다,0
2025-02-14,받다,2
2025-02-14,성,1
2025-02-14,수익,2
2025-02-14,아니다,0
2025-02-14,없다,0
2025-02-14,정,2
2025-02-14,지다,0
2025-02-14,피,1
2025-02-14,함께,2
2025-02-14,해,0
2025-02-14,화,0
2025-02-14,화재,0
2025-02-14,배당,2
2025-02-14,가능하다,2
2025-02-14,가치,2
2025-02-14,감사,2
2025-02-14,능하다,2
2025-02-14,대상,2
2025-02-14,독,0
2025-02-14,밉다,0
2025-02-14,분하다,0
2025-02-14,성,1
2025-02-14,실하다,2
2025-02-14,운,2
2025-02-14,정,2
2025-02-14,충분하다,2
2025-02-14,피,1
2025-02-14,필수,2
2025-02-14,오류,0
2025-02-14,급등,2
2025-02-14,상승,2
2025-02-14,전망,2
2025-02-14,투자,2
2025-02-14,금리인하,2
2025-02-14,하락,0
2025-02-14,급락,0
2025-02-14,불안,0
2025-02-14,불확실,0
2025-02-14,조정,0
2025-02-14,가능하다,2
2025-02-14,끌다,2
2025-02-14,높이다,2
2025-02-14,능하다,2
2025-02-14,두드러지다,2
2025-02-14,받다,2
2025-02-14,벌,0
2025-02-14,부정,0
2025-02-14,불안,0
2025-02-14,성,1
2025-02-14,아니다,0
2025-02-14,안도,2
2025-02-14,운,2
2025-02-14,정,2
2025-02-14,지다,0
2025-02-14,크다,2
2025-02-14,피,1
2025-02-14,해,0
2025-02-14,상위,2
2025-02-14,상승,2
2025-02-14,상승세,2
2025-02-14,운,2
2025-02-14,피,1
2025-02-14,피,1
2025-02-14,피,1
2025-02-14,기록,2
2025-02-14,투자,2
2025-02-14,독,0
2025-02-14,많다,2
2025-02-14,지다,0
2025-02-14,피,1
2025-02-14,해,0
2025-02-14,상승,2
2025-02-14,확대,2
2025-02-14,강세,2
2025-02-14,기록,2
2025-02-14,전망,2
2025-02-14,투자,2
2025-02-14,반등,2
2025-02-14,실적,2
2025-02-14,이익,2
2025-02-14,하락,0
2025-02-14,하향,0
2025-02-14,부진,0
2025-02-14,리스크,0
2025-02-14,지연,0
2025-02-14,가능하다,2
2025-02-14,강세,2
2025-02-14,개선,2
2025-02-14,긍정,2
2025-02-14,능하다,2
2025-02-14,받다,2
2025-02-14,병,0
2025-02-14,부진,0
2025-02-14,부진하다,0
2025-02-14,빚,0
2025-02-14,빛,2
2025-02-14,사랑,2
2025-02-14,성,1
2025-02-14,없다,0
2025-02-14,운,2
2025-02-14,이익,2
2025-02-14,적극,2
2025-02-14,정,2
2025-02-14,죄,0
2025-02-14,최고,2
2025-02-14,트롤,0
2025-02-14,피,1
2025-02-14,해,0
2025-02-14,홀로,0
2025-02-14,화,0
2025-02-14,확대,2
2025-02-14,호재,2
2025-02-14,순항,2
2025-02-14,하락,0
2025-02-14,불확실,0
2025-02-14,밉다,0
2025-02-14,받다,2
2025-02-14,성,1
2025-02-14,아니다,0
2025-02-14,운,2
2025-02-14,의회,0
2025-02-14,전문가,2
2025-02-14,정,2
2025-02-14,지다,0
2025-02-14,최상,2
2025-02-14,충격,0
2025-02-14,크다,2
2025-02-14,피,1
2025-02-14,함정,0
2025-02-14,해,0
2025-02-14,화,0
